1,手机QQ2013
2,中关村在线手机客户端
3,新部落守卫战
4,手机快播
5,会说话的汤姆猫
6,360手机卫士
7,植物大战僵尸
8,微信
9,阿里星球
10,狂野飙车5
11,捕鱼达人手机版
12,神庙逃亡2
13,手机QQ
14,手机QQ2013
15,植物大战僵尸
16,微信
17,阿里星球
18,狂野飙车5
19,捕鱼达人手机版
20,神庙逃亡2
21,手机QQ
22,手机QQ2013
23,UC浏览器
24,手机QQ游戏
25,神庙逃亡
26,手机QQ斗地主
27,微信
28,手机酷狗
29,华股财经
30,会说话的汤姆猫2
31,暴风影音手机版
32,UC浏览器
33,手机QQ游戏
34,神庙逃亡
35,手机QQ斗地主
36,微信
37,手机酷狗
38,华股财经
39,会说话的汤姆猫2
40,暴风影音手机版
41,愤怒的小鸟季节版
42,侠盗猎车手:罪恶都市
43,搜狗手机输入法
44,360优化大师
45,wifi万能钥匙
46,安卓市场
47,通通免费电话
48,手机QQ
49,愤怒的小鸟季节版
50,侠盗猎车手:罪恶都市
51,搜狗手机输入法
52,360优化大师
53,wifi万能钥匙
54,安卓市场
55,通通免费电话
56,手机QQ
57,腾讯手机管家
58,导航犬
59,陌陌
60,美图秀秀
61,百度手机卫士
62,墨迹天气手机版
63,消灭星星官方正版
64,腾讯手机管家
65,导航犬
66,陌陌
67,美图秀秀
68,百度手机卫士
69,墨迹天气手机版
70,消灭星星官方正版
71,割绳子Cut the Rope
72,忍者突袭
73,跑跑卡丁车手机版
74,手机QQ
75,爱读掌阅iReader
76,割绳子Cut the Rope
77,忍者突袭
78,跑跑卡丁车手机版
79,手机QQ
80,爱读掌阅iReader
81,植物大战僵尸2
82,手机QQ浏览器
83,超音速飞行3D
84,迅雷云播
85,鳄鱼小顽皮爱洗澡
86,愤怒的小鸟手机版
87,植物大战僵尸2
88,手机QQ浏览器
89,超音速飞行3D
90,迅雷云播
91,鳄鱼小顽皮爱洗澡
92,愤怒的小鸟手机版
93,91手机助手客户端
94,手机QQ空间
95,手机飞信
96,360手机助手
97,应用宝
98,Adobe Flash Player
99,捕鱼达人手机版
100,91手机助手客户端
101,手机QQ空间
102,手机飞信
103,360手机助手
104,应用宝
105,Adobe Flash Player
106,捕鱼达人手机版
107,91熊猫看书
108,忍者跳跃
109,侠盗猎车手3
110,驾考宝典
111,91熊猫看书
112,忍者跳跃
113,侠盗猎车手3
114,驾考宝典
115,地铁跑酷
116,不朽的神迹
117,天天酷跑
118,我查查
119,中国象棋手机版
120,手机YY语音
121,新浪微博
122,地铁跑酷
123,不朽的神迹
124,天天酷跑
125,我查查
126,中国象棋手机版
127,手机YY语音
128,新浪微博
129,华股财经
130,PPS影音
131,合金弹头
132,极品飞车14
133,手机QQ音乐
134,水果忍者
135,手机QQ
136,百度一键ROOT
137,陌陌
138,地铁跑酷
139,不朽的神迹
140,天天酷跑
141,我查查
142,中国象棋手机版
143,手机YY语音
144,新浪微博
145,华股财经
146,PPS影音
147,合金弹头
148,极品飞车14
149,手机QQ音乐
150,水果忍者
151,手机QQ
152,百度一键ROOT
153,陌陌
154,地铁跑酷
155,不朽的神迹
156,天天酷跑
157,我查查
158,中国象棋手机版
159,手机YY语音
160,新浪微博
161,华股财经
162,PPS影音
163,合金弹头
164,极品飞车14
165,手机QQ音乐
166,水果忍者
167,手机QQ
168,百度一键ROOT
169,陌陌
170,地铁跑酷
171,不朽的神迹
172,天天酷跑
173,我查查
174,中国象棋手机版
175,手机YY语音
176,新浪微博
177,华股财经
178,PPS影音
179,合金弹头
180,极品飞车14
181,手机QQ音乐
182,水果忍者
183,手机QQ
184,百度一键ROOT
185,陌陌
186,地铁跑酷
187,不朽的神迹
188,天天酷跑
189,我查查
190,中国象棋手机版
191,手机YY语音
192,新浪微博
193,华股财经
194,PPS影音
195,合金弹头
196,极品飞车14
197,手机QQ音乐
198,水果忍者
199,手机QQ
200,百度一键ROOT
201,陌陌
202,地铁跑酷
203,不朽的神迹
204,天天酷跑
205,我查查
206,中国象棋手机版
207,手机YY语音
208,新浪微博
209,华股财经
210,PPS影音
211,合金弹头
212,极品飞车14
213,手机QQ音乐
214,水果忍者
215,手机QQ
216,百度一键ROOT
217,陌陌
218,地铁跑酷
219,不朽的神迹
220,天天酷跑
221,我查查
222,中国象棋手机版
223,手机YY语音
224,新浪微博
225,华股财经
226,PPS影音
227,合金弹头
228,极品飞车14
229,手机QQ音乐
230,水果忍者
231,手机QQ
232,百度一键ROOT
233,陌陌
234,地铁跑酷
235,不朽的神迹
236,天天酷跑
237,我查查
238,中国象棋手机版
239,手机YY语音
240,新浪微博
241,华股财经
242,PPS影音
243,合金弹头
244,极品飞车14
245,手机QQ音乐
246,水果忍者
247,手机QQ
248,百度一键ROOT
249,陌陌
250,地铁跑酷
251,不朽的神迹
252,天天酷跑
253,我查查
254,中国象棋手机版
255,手机YY语音
256,新浪微博
257,华股财经
258,PPS影音
259,合金弹头
260,极品飞车14
261,手机QQ音乐
262,水果忍者
263,手机QQ
264,百度一键ROOT
265,陌陌
266,地铁跑酷
267,不朽的神迹
268,天天酷跑
269,我查查
270,中国象棋手机版
271,手机YY语音
272,新浪微博
273,华股财经
274,PPS影音
275,合金弹头
276,极品飞车14
277,手机QQ音乐
278,水果忍者
279,手机QQ
280,百度一键ROOT
281,陌陌
282,地铁跑酷
283,不朽的神迹
284,天天酷跑
285,我查查
286,中国象棋手机版
287,手机YY语音
288,新浪微博
289,华股财经
290,PPS影音
291,合金弹头
292,极品飞车14
293,手机QQ音乐
294,水果忍者
295,手机QQ
296,百度一键ROOT
297,陌陌
298,地铁跑酷
299,不朽的神迹
300,天天酷跑
301,我查查
302,中国象棋手机版
303,手机YY语音
304,新浪微博
305,华股财经
306,PPS影音
307,合金弹头
308,极品飞车14
309,手机QQ音乐
310,水果忍者
311,手机QQ
312,百度一键ROOT
313,陌陌
314,地铁跑酷
315,不朽的神迹
316,天天酷跑
317,我查查
318,中国象棋手机版
319,手机YY语音
320,新浪微博
321,华股财经
322,PPS影音
323,合金弹头
324,极品飞车14
325,手机QQ音乐
326,水果忍者
327,手机QQ
328,百度一键ROOT
329,陌陌
330,地铁跑酷
331,不朽的神迹
332,天天酷跑
333,我查查
334,中国象棋手机版
335,手机YY语音
336,新浪微博
337,华股财经
338,PPS影音
339,合金弹头
340,极品飞车14
341,手机QQ音乐
342,水果忍者
343,手机QQ
344,百度一键ROOT
345,陌陌
346,地铁跑酷
347,不朽的神迹
348,天天酷跑
349,我查查
350,中国象棋手机版
351,手机YY语音
352,新浪微博
353,华股财经
354,PPS影音
355,合金弹头
356,极品飞车14
357,手机QQ音乐
358,水果忍者
359,手机QQ
360,百度一键ROOT
361,陌陌
362,地铁跑酷
363,不朽的神迹
364,天天酷跑
365,我查查
366,中国象棋手机版
367,手机YY语音
368,新浪微博
369,华股财经
370,PPS影音
371,合金弹头
372,极品飞车14
373,手机QQ音乐
374,水果忍者
375,手机QQ
376,百度一键ROOT
377,陌陌
378,地铁跑酷
379,不朽的神迹
380,天天酷跑
381,我查查
382,中国象棋手机版
383,手机YY语音
384,新浪微博
385,华股财经
386,PPS影音
387,合金弹头
388,极品飞车14
389,手机QQ音乐
390,水果忍者
391,手机QQ
392,百度一键ROOT
393,陌陌
394,地铁跑酷
395,不朽的神迹
396,天天酷跑
397,我查查
398,中国象棋手机版
399,手机YY语音
400,新浪微博
401,华股财经
402,PPS影音
403,合金弹头
404,极品飞车14
405,手机QQ音乐
406,水果忍者
407,手机QQ
408,百度一键ROOT
409,陌陌
410,地铁跑酷
411,不朽的神迹
412,天天酷跑
413,我查查
414,中国象棋手机版
415,手机YY语音
416,新浪微博
417,华股财经
418,PPS影音
419,合金弹头
420,极品飞车14
421,手机QQ音乐
422,水果忍者
423,手机QQ
424,百度一键ROOT
425,陌陌
426,地铁跑酷
427,不朽的神迹
428,天天酷跑
429,我查查
430,中国象棋手机版
431,手机YY语音
432,新浪微博
433,华股财经
434,PPS影音
435,合金弹头
436,极品飞车14
437,手机QQ音乐
438,水果忍者
439,手机QQ
440,百度一键ROOT
441,陌陌
442,地铁跑酷
443,不朽的神迹
444,天天酷跑
445,我查查
446,中国象棋手机版
447,手机YY语音
448,新浪微博
449,华股财经
450,PPS影音
451,合金弹头
452,极品飞车14
453,手机QQ音乐
454,水果忍者
455,手机QQ
456,百度一键ROOT
457,陌陌
458,地铁跑酷
459,不朽的神迹
460,天天酷跑
461,我查查
462,中国象棋手机版
463,手机YY语音
464,新浪微博
465,华股财经
466,PPS影音
467,合金弹头
468,极品飞车14
469,手机QQ音乐
470,水果忍者
471,手机QQ
472,百度一键ROOT
473,陌陌
474,地铁跑酷
475,不朽的神迹
476,天天酷跑
477,我查查
478,中国象棋手机版
479,手机YY语音
480,新浪微博
481,华股财经
482,PPS影音
483,合金弹头
484,极品飞车14
485,手机QQ音乐
486,水果忍者
487,手机QQ
488,百度一键ROOT
489,陌陌
490,地铁跑酷
491,不朽的神迹
492,天天酷跑
493,我查查
494,中国象棋手机版
495,手机YY语音
496,新浪微博
497,华股财经
498,PPS影音
499,合金弹头
500,极品飞车14
501,手机QQ音乐
502,水果忍者
503,手机QQ
504,百度一键ROOT
505,陌陌
506,地铁跑酷
507,不朽的神迹
508,天天酷跑
509,我查查
510,中国象棋手机版
511,手机YY语音
512,新浪微博
513,华股财经
514,PPS影音
515,合金弹头
516,极品飞车14
517,手机QQ音乐
518,水果忍者
519,手机QQ
520,百度一键ROOT
521,陌陌
522,地铁跑酷
523,不朽的神迹
524,天天酷跑
525,我查查
526,中国象棋手机版
527,手机YY语音
528,新浪微博
529,华股财经
530,PPS影音
531,合金弹头
532,极品飞车14
533,手机QQ音乐
534,水果忍者
535,手机QQ
536,百度一键ROOT
537,陌陌
538,地铁跑酷
539,不朽的神迹
540,天天酷跑
541,我查查
542,中国象棋手机版
543,手机YY语音
544,新浪微博
545,华股财经
546,PPS影音
547,合金弹头
548,极品飞车14
549,手机QQ音乐
550,水果忍者
551,手机QQ
552,百度一键ROOT
553,陌陌
554,地铁跑酷
555,不朽的神迹
556,天天酷跑
557,我查查
558,中国象棋手机版
559,手机YY语音
560,新浪微博
561,华股财经
562,PPS影音
563,合金弹头
564,极品飞车14
565,手机QQ音乐
566,水果忍者
567,手机QQ
568,百度一键ROOT
569,陌陌
570,地铁跑酷
571,不朽的神迹
572,天天酷跑
573,我查查
574,中国象棋手机版
575,手机YY语音
576,新浪微博
577,华股财经
578,PPS影音
579,合金弹头
580,极品飞车14
581,手机QQ音乐
582,水果忍者
583,手机QQ
584,百度一键ROOT
585,陌陌
586,地铁跑酷
587,不朽的神迹
588,天天酷跑
589,我查查
590,中国象棋手机版
591,手机YY语音
592,新浪微博
593,华股财经
594,PPS影音
595,合金弹头
596,极品飞车14
597,手机QQ音乐
598,水果忍者
599,手机QQ
600,百度一键ROOT
601,陌陌
602,地铁跑酷
603,不朽的神迹
604,天天酷跑
605,我查查
606,中国象棋手机版
607,手机YY语音
608,新浪微博
609,华股财经
610,PPS影音
611,合金弹头
612,极品飞车14
613,手机QQ音乐
614,水果忍者
615,手机QQ
616,百度一键ROOT
617,陌陌
618,地铁跑酷
619,不朽的神迹
620,天天酷跑
621,我查查
622,中国象棋手机版
623,手机YY语音
624,新浪微博
625,华股财经
626,PPS影音
627,合金弹头
628,极品飞车14
629,手机QQ音乐
630,水果忍者
631,手机QQ
632,百度一键ROOT
633,陌陌
634,地铁跑酷
635,不朽的神迹
636,天天酷跑
637,我查查
638,中国象棋手机版
639,手机YY语音
640,新浪微博
641,华股财经
642,PPS影音
643,合金弹头
644,极品飞车14
645,手机QQ音乐
646,水果忍者
647,手机QQ
648,百度一键ROOT
649,陌陌
650,地铁跑酷
651,不朽的神迹
652,天天酷跑
653,我查查
654,中国象棋手机版
655,手机YY语音
656,新浪微博
657,华股财经
658,PPS影音
659,合金弹头
660,极品飞车14
661,手机QQ音乐
662,水果忍者
663,手机QQ
664,百度一键ROOT
665,陌陌
666,地铁跑酷
667,不朽的神迹
668,天天酷跑
669,我查查
670,中国象棋手机版
671,手机YY语音
672,新浪微博
673,华股财经
674,PPS影音
675,合金弹头
676,极品飞车14
677,手机QQ音乐
678,水果忍者
679,手机QQ
680,百度一键ROOT
681,陌陌
682,地铁跑酷
683,不朽的神迹
684,天天酷跑
685,我查查
686,中国象棋手机版
687,手机YY语音
688,新浪微博
689,华股财经
690,PPS影音
691,合金弹头
692,极品飞车14
693,手机QQ音乐
694,水果忍者
695,手机QQ
696,百度一键ROOT
697,陌陌
698,地铁跑酷
699,不朽的神迹
700,天天酷跑
701,我查查
702,中国象棋手机版
703,手机YY语音
704,新浪微博
705,华股财经
706,PPS影音
707,合金弹头
708,极品飞车14
709,手机QQ音乐
710,水果忍者
711,手机QQ
712,百度一键ROOT
713,陌陌
714,地铁跑酷
715,不朽的神迹
716,天天酷跑
717,我查查
718,中国象棋手机版
719,手机YY语音
720,新浪微博
721,华股财经
722,PPS影音
723,合金弹头
724,极品飞车14
725,手机QQ音乐
726,水果忍者
727,手机QQ
728,百度一键ROOT
729,陌陌
730,地铁跑酷
731,不朽的神迹
732,天天酷跑
733,我查查
734,中国象棋手机版
735,手机YY语音
736,新浪微博
737,华股财经
738,PPS影音
739,合金弹头
740,极品飞车14
741,手机QQ音乐
742,水果忍者
743,手机QQ
744,百度一键ROOT
745,陌陌
746,地铁跑酷
747,不朽的神迹
748,天天酷跑
749,我查查
750,中国象棋手机版
751,手机YY语音
752,新浪微博
753,华股财经
754,PPS影音
755,合金弹头
756,极品飞车14
757,手机QQ音乐
758,水果忍者
759,手机QQ
760,百度一键ROOT
761,陌陌
762,地铁跑酷
763,不朽的神迹
764,天天酷跑
765,我查查
766,中国象棋手机版
767,手机YY语音
768,新浪微博
769,华股财经
770,PPS影音
771,合金弹头
772,极品飞车14
773,手机QQ音乐
774,水果忍者
775,手机QQ
776,百度一键ROOT
777,陌陌
778,地铁跑酷
779,不朽的神迹
780,天天酷跑
781,我查查
782,中国象棋手机版
783,手机YY语音
784,新浪微博
785,华股财经
786,PPS影音
787,合金弹头
788,极品飞车14
789,手机QQ音乐
790,水果忍者
791,手机QQ
792,百度一键ROOT
793,陌陌
794,地铁跑酷
795,不朽的神迹
796,天天酷跑
797,我查查
798,中国象棋手机版
799,手机YY语音
800,新浪微博
801,华股财经
802,PPS影音
803,合金弹头
804,极品飞车14
805,手机QQ音乐
806,水果忍者
807,手机QQ
808,百度一键ROOT
809,陌陌
810,地铁跑酷
811,不朽的神迹
812,天天酷跑
813,我查查
814,中国象棋手机版
815,手机YY语音
816,新浪微博
817,华股财经
818,PPS影音
819,合金弹头
820,极品飞车14
821,手机QQ音乐
822,水果忍者
823,手机QQ
824,百度一键ROOT
825,陌陌
826,地铁跑酷
827,不朽的神迹
828,天天酷跑
829,我查查
830,中国象棋手机版
831,手机YY语音
832,新浪微博
833,华股财经
834,PPS影音
835,合金弹头
836,极品飞车14
837,手机QQ音乐
838,水果忍者
839,手机QQ
840,百度一键ROOT
841,陌陌
842,地铁跑酷
843,不朽的神迹
844,天天酷跑
845,我查查
846,中国象棋手机版
847,手机YY语音
848,新浪微博
849,华股财经
850,PPS影音
851,合金弹头
852,极品飞车14
853,手机QQ音乐
854,水果忍者
855,手机QQ
856,百度一键ROOT
857,陌陌
858,地铁跑酷
859,不朽的神迹
860,天天酷跑
861,我查查
862,中国象棋手机版
863,手机YY语音
864,新浪微博
865,华股财经
866,PPS影音
867,合金弹头
868,极品飞车14
869,手机QQ音乐
870,水果忍者
871,手机QQ
872,百度一键ROOT
873,陌陌
874,地铁跑酷
875,不朽的神迹
876,天天酷跑
877,我查查
878,中国象棋手机版
879,手机YY语音
880,新浪微博
881,华股财经
882,PPS影音
883,合金弹头
884,极品飞车14
885,手机QQ音乐
886,水果忍者
887,手机QQ
888,百度一键ROOT
889,陌陌
890,地铁跑酷
891,不朽的神迹
892,天天酷跑
893,我查查
894,中国象棋手机版
895,手机YY语音
896,新浪微博
897,华股财经
898,PPS影音
899,合金弹头
900,极品飞车14
901,手机QQ音乐
902,水果忍者
903,手机QQ
904,百度一键ROOT
905,陌陌
906,地铁跑酷
907,不朽的神迹
908,天天酷跑
909,我查查
910,中国象棋手机版
911,手机YY语音
912,新浪微博
913,华股财经
914,PPS影音
915,合金弹头
916,极品飞车14
917,手机QQ音乐
918,水果忍者
919,手机QQ
920,百度一键ROOT
921,陌陌
922,地铁跑酷
923,不朽的神迹
924,天天酷跑
925,我查查
926,中国象棋手机版
927,手机YY语音
928,新浪微博
929,华股财经
930,PPS影音
931,合金弹头
932,极品飞车14
933,手机QQ音乐
934,水果忍者
935,手机QQ
936,百度一键ROOT
937,陌陌
938,地铁跑酷
939,不朽的神迹
940,天天酷跑
941,我查查
942,中国象棋手机版
943,手机YY语音
944,新浪微博
945,华股财经
946,PPS影音
947,合金弹头
948,极品飞车14
949,手机QQ音乐
950,水果忍者
951,手机QQ
952,百度一键ROOT
953,陌陌
954,地铁跑酷
955,不朽的神迹
956,天天酷跑
957,我查查
958,中国象棋手机版
959,手机YY语音
960,新浪微博
961,华股财经
962,PPS影音
963,合金弹头
964,极品飞车14
965,手机QQ音乐
966,水果忍者
967,手机QQ
968,百度一键ROOT
969,陌陌
970,地铁跑酷
971,不朽的神迹
972,天天酷跑
973,我查查
974,中国象棋手机版
975,手机YY语音
976,新浪微博
977,华股财经
978,PPS影音
979,合金弹头
980,极品飞车14
981,手机QQ音乐
982,水果忍者
983,手机QQ
984,百度一键ROOT
985,陌陌
986,地铁跑酷
987,不朽的神迹
988,天天酷跑
989,我查查
990,中国象棋手机版
991,手机YY语音
992,新浪微博
993,华股财经
994,PPS影音
995,合金弹头
996,极品飞车14
997,手机QQ音乐
998,水果忍者
999,手机QQ
1000,百度一键ROOT
1001,陌陌
1002,地铁跑酷
1003,不朽的神迹
1004,天天酷跑
1005,我查查
1006,中国象棋手机版
1007,手机YY语音
1008,新浪微博
1009,华股财经
1010,PPS影音
1011,合金弹头
1012,极品飞车14
1013,手机QQ音乐
1014,水果忍者
1015,手机QQ
1016,百度一键ROOT
1017,陌陌
1018,地铁跑酷
1019,不朽的神迹
1020,天天酷跑
1021,我查查
1022,中国象棋手机版
1023,手机YY语音
1024,新浪微博
1025,华股财经
1026,PPS影音
1027,合金弹头
1028,极品飞车14
1029,手机QQ音乐
1030,水果忍者
1031,手机QQ
1032,百度一键ROOT
1033,陌陌
1034,地铁跑酷
1035,不朽的神迹
1036,天天酷跑
1037,我查查
1038,中国象棋手机版
1039,手机YY语音
1040,新浪微博
1041,华股财经
1042,PPS影音
1043,合金弹头
1044,极品飞车14
1045,手机QQ音乐
1046,水果忍者
1047,手机QQ
1048,百度一键ROOT
1049,陌陌
1050,地铁跑酷
1051,不朽的神迹
1052,天天酷跑
1053,我查查
1054,中国象棋手机版
1055,手机YY语音
1056,新浪微博
1057,华股财经
1058,PPS影音
1059,合金弹头
1060,极品飞车14
1061,手机QQ音乐
1062,水果忍者
1063,手机QQ
1064,百度一键ROOT
1065,陌陌
1066,地铁跑酷
1067,不朽的神迹
1068,天天酷跑
1069,我查查
1070,中国象棋手机版
1071,手机YY语音
1072,新浪微博
1073,华股财经
1074,PPS影音
1075,合金弹头
1076,极品飞车14
1077,手机QQ音乐
1078,水果忍者
1079,手机QQ
1080,百度一键ROOT
1081,陌陌
1082,地铁跑酷
1083,不朽的神迹
1084,天天酷跑
1085,我查查
1086,中国象棋手机版
1087,手机YY语音
1088,新浪微博
1089,华股财经
1090,PPS影音
1091,合金弹头
1092,极品飞车14
1093,手机QQ音乐
1094,水果忍者
1095,手机QQ
1096,百度一键ROOT
1097,陌陌
1098,地铁跑酷
1099,不朽的神迹
1100,天天酷跑
1101,我查查
1102,中国象棋手机版
1103,手机YY语音
1104,新浪微博
1105,华股财经
1106,PPS影音
1107,合金弹头
1108,极品飞车14
1109,手机QQ音乐
1110,水果忍者
1111,手机QQ
1112,百度一键ROOT
1113,陌陌
1114,地铁跑酷
1115,不朽的神迹
1116,天天酷跑
1117,我查查
1118,中国象棋手机版
1119,手机YY语音
1120,新浪微博
1121,华股财经
1122,PPS影音
1123,合金弹头
1124,极品飞车14
1125,手机QQ音乐
1126,水果忍者
1127,手机QQ
1128,百度一键ROOT
1129,陌陌
1130,地铁跑酷
1131,不朽的神迹
1132,天天酷跑
1133,我查查
1134,中国象棋手机版
1135,手机YY语音
1136,新浪微博
1137,华股财经
1138,PPS影音
1139,合金弹头
1140,极品飞车14
1141,手机QQ音乐
1142,水果忍者
1143,手机QQ
1144,百度一键ROOT
1145,陌陌
1146,地铁跑酷
1147,不朽的神迹
1148,天天酷跑
1149,我查查
1150,中国象棋手机版
1151,手机YY语音
1152,新浪微博
1153,华股财经
1154,PPS影音
1155,合金弹头
1156,极品飞车14
1157,手机QQ音乐
1158,水果忍者
1159,手机QQ
1160,百度一键ROOT
1161,陌陌
1162,地铁跑酷
1163,不朽的神迹
1164,天天酷跑
1165,我查查
1166,中国象棋手机版
1167,手机YY语音
1168,新浪微博
1169,华股财经
1170,PPS影音
1171,合金弹头
1172,极品飞车14
1173,手机QQ音乐
1174,水果忍者
1175,手机QQ
1176,百度一键ROOT
1177,陌陌
1178,地铁跑酷
1179,不朽的神迹
1180,天天酷跑
1181,我查查
1182,中国象棋手机版
1183,手机YY语音
1184,新浪微博
1185,华股财经
1186,PPS影音
1187,合金弹头
1188,极品飞车14
1189,手机QQ音乐
1190,水果忍者
1191,手机QQ
1192,百度一键ROOT
1193,陌陌
1194,地铁跑酷
1195,不朽的神迹
1196,天天酷跑
1197,我查查
1198,中国象棋手机版
1199,手机YY语音
1200,新浪微博
1201,华股财经
1202,PPS影音
1203,合金弹头
1204,极品飞车14
1205,手机QQ音乐
1206,水果忍者
1207,手机QQ
1208,百度一键ROOT
1209,陌陌
1210,地铁跑酷
1211,不朽的神迹
1212,天天酷跑
1213,我查查
1214,中国象棋手机版
1215,手机YY语音
1216,新浪微博
1217,华股财经
1218,PPS影音
1219,合金弹头
1220,极品飞车14
1221,手机QQ音乐
1222,水果忍者
1223,手机QQ
1224,百度一键ROOT
1225,陌陌
1226,地铁跑酷
1227,不朽的神迹
1228,天天酷跑
1229,我查查
1230,中国象棋手机版
1231,手机YY语音
1232,新浪微博
1233,华股财经
1234,PPS影音
1235,合金弹头
1236,极品飞车14
1237,手机QQ音乐
1238,水果忍者
1239,手机QQ
1240,百度一键ROOT
1241,陌陌
1242,地铁跑酷
1243,不朽的神迹
1244,天天酷跑
1245,我查查
1246,中国象棋手机版
1247,手机YY语音
1248,新浪微博
1249,华股财经
1250,PPS影音
1251,合金弹头
1252,极品飞车14
1253,手机QQ音乐
1254,水果忍者
1255,手机QQ
1256,百度一键ROOT
1257,陌陌
1258,地铁跑酷
1259,不朽的神迹
1260,天天酷跑
1261,我查查
1262,中国象棋手机版
1263,手机YY语音
1264,新浪微博
1265,华股财经
1266,PPS影音
1267,合金弹头
1268,极品飞车14
1269,手机QQ音乐
1270,水果忍者
1271,手机QQ
1272,百度一键ROOT
1273,陌陌
1274,地铁跑酷
1275,不朽的神迹
1276,天天酷跑
1277,我查查
1278,中国象棋手机版
1279,手机YY语音
1280,新浪微博
1281,华股财经
1282,PPS影音
1283,合金弹头
1284,极品飞车14
1285,手机QQ音乐
1286,水果忍者
1287,手机QQ
1288,百度一键ROOT
1289,陌陌
1290,地铁跑酷
1291,不朽的神迹
1292,天天酷跑
1293,我查查
1294,中国象棋手机版
1295,手机YY语音
1296,新浪微博
1297,华股财经
1298,PPS影音
1299,合金弹头
1300,极品飞车14
1301,手机QQ音乐
1302,水果忍者
1303,手机QQ
1304,百度一键ROOT
1305,陌陌
1306,地铁跑酷
1307,不朽的神迹
1308,天天酷跑
1309,我查查
1310,中国象棋手机版
1311,手机YY语音
1312,新浪微博
1313,华股财经
1314,PPS影音
1315,合金弹头
1316,极品飞车14
1317,手机QQ音乐
1318,水果忍者
1319,手机QQ
1320,百度一键ROOT
1321,陌陌
1322,地铁跑酷
1323,不朽的神迹
1324,天天酷跑
1325,我查查
1326,中国象棋手机版
1327,手机YY语音
1328,新浪微博
1329,华股财经
1330,PPS影音
1331,合金弹头
1332,极品飞车14
1333,手机QQ音乐
1334,水果忍者
1335,手机QQ
1336,百度一键ROOT
1337,陌陌
1338,地铁跑酷
1339,不朽的神迹
1340,天天酷跑
1341,我查查
1342,中国象棋手机版
1343,手机YY语音
1344,新浪微博
1345,华股财经
1346,PPS影音
1347,合金弹头
1348,极品飞车14
1349,手机QQ音乐
1350,水果忍者
1351,手机QQ
1352,百度一键ROOT
1353,陌陌
1354,地铁跑酷
1355,不朽的神迹
1356,天天酷跑
1357,我查查
1358,中国象棋手机版
1359,手机YY语音
1360,新浪微博
1361,华股财经
1362,PPS影音
1363,合金弹头
1364,极品飞车14
1365,手机QQ音乐
1366,水果忍者
1367,手机QQ
1368,百度一键ROOT
1369,陌陌
1370,地铁跑酷
1371,不朽的神迹
1372,天天酷跑
1373,我查查
1374,中国象棋手机版
1375,手机YY语音
1376,新浪微博
1377,华股财经
1378,PPS影音
1379,合金弹头
1380,极品飞车14
1381,手机QQ音乐
1382,水果忍者
1383,手机QQ
1384,百度一键ROOT
1385,陌陌
1386,地铁跑酷
1387,不朽的神迹
1388,天天酷跑
1389,我查查
1390,中国象棋手机版
1391,手机YY语音
1392,新浪微博
1393,华股财经
1394,PPS影音
1395,合金弹头
1396,极品飞车14
1397,手机QQ音乐
1398,水果忍者
1399,手机QQ
1400,百度一键ROOT
1401,陌陌
1402,地铁跑酷
1403,不朽的神迹
1404,天天酷跑
1405,我查查
1406,中国象棋手机版
1407,手机YY语音
1408,新浪微博
1409,华股财经
1410,PPS影音
1411,合金弹头
1412,极品飞车14
1413,手机QQ音乐
1414,水果忍者
1415,手机QQ
1416,百度一键ROOT
1417,陌陌
1418,地铁跑酷
1419,不朽的神迹
1420,天天酷跑
1421,我查查
1422,中国象棋手机版
1423,手机YY语音
1424,新浪微博
1425,华股财经
1426,PPS影音
1427,合金弹头
1428,极品飞车14
1429,手机QQ音乐
1430,水果忍者
1431,手机QQ
1432,百度一键ROOT
1433,陌陌
1434,地铁跑酷
1435,不朽的神迹
1436,天天酷跑
1437,我查查
1438,中国象棋手机版
1439,手机YY语音
1440,新浪微博
1441,华股财经
1442,PPS影音
1443,合金弹头
1444,极品飞车14
1445,手机QQ音乐
1446,水果忍者
1447,手机QQ
1448,百度一键ROOT
1449,陌陌
1450,地铁跑酷
1451,不朽的神迹
1452,天天酷跑
1453,我查查
1454,中国象棋手机版
1455,手机YY语音
1456,新浪微博
1457,华股财经
1458,PPS影音
1459,合金弹头
1460,极品飞车14
1461,手机QQ音乐
1462,水果忍者
1463,手机QQ
1464,百度一键ROOT
1465,陌陌
1466,地铁跑酷
1467,不朽的神迹
1468,天天酷跑
1469,我查查
1470,中国象棋手机版
1471,手机YY语音
1472,新浪微博
1473,华股财经
1474,PPS影音
1475,合金弹头
1476,极品飞车14
1477,手机QQ音乐
1478,水果忍者
1479,手机QQ
1480,百度一键ROOT
1481,陌陌
1482,地铁跑酷
1483,不朽的神迹
1484,天天酷跑
1485,我查查
1486,中国象棋手机版
1487,手机YY语音
1488,新浪微博
1489,华股财经
1490,PPS影音
1491,合金弹头
1492,极品飞车14
1493,手机QQ音乐
1494,水果忍者
1495,手机QQ
1496,百度一键ROOT
1497,陌陌
1498,地铁跑酷
1499,不朽的神迹
1500,天天酷跑
1501,我查查
1502,中国象棋手机版
1503,手机YY语音
1504,新浪微博
1505,华股财经
1506,PPS影音
1507,合金弹头
1508,极品飞车14
1509,手机QQ音乐
1510,水果忍者
1511,手机QQ
1512,百度一键ROOT
1513,陌陌
1514,地铁跑酷
1515,不朽的神迹
1516,天天酷跑
1517,我查查
1518,中国象棋手机版
1519,手机YY语音
1520,新浪微博
1521,华股财经
1522,PPS影音
1523,合金弹头
1524,极品飞车14
1525,手机QQ音乐
1526,水果忍者
1527,手机QQ
1528,百度一键ROOT
1529,陌陌
1530,地铁跑酷
1531,不朽的神迹
1532,天天酷跑
1533,我查查
1534,中国象棋手机版
1535,手机YY语音
1536,新浪微博
1537,华股财经
1538,PPS影音
1539,合金弹头
1540,极品飞车14
1541,手机QQ音乐
1542,水果忍者
1543,手机QQ
1544,百度一键ROOT
1545,陌陌
1546,地铁跑酷
1547,不朽的神迹
1548,天天酷跑
1549,我查查
1550,中国象棋手机版
1551,手机YY语音
1552,新浪微博
1553,华股财经
1554,PPS影音
1555,合金弹头
1556,极品飞车14
1557,手机QQ音乐
1558,水果忍者
1559,手机QQ
1560,百度一键ROOT
1561,陌陌
